[{"_id":"088534b1-4b3e-4fec-ae37-b790dcc2aac6","user":{"name":"swa","email":"siee2gmail.com"},"order_value":"1053 INR","razorpay_order_id":"order_Ea2wLsCU609sj0","razorpay_payment_id":null,"razorpay_signature":null,"isPending":true},{"_id":"087e5f7b-4b79-427b-9ad2-5291a7146d90","user":{"name":"swa","email":"siee@gmail.com"},"order_value":"1053 INR","razorpay_order_id":"order_Ea2xeYA2gbGbSX","razorpay_payment_id":null,"razorpay_signature":null,"isPending":true},{"_id":"eede9cba-64ee-435d-a2a1-21c9b6908132","user":{"name":"chaitali","email":"maskechaitali56@gmail.com"},"order_value":"50 INR","razorpay_order_id":"order_Ea2zEDevN5iTNB","razorpay_payment_id":null,"razorpay_signature":null,"isPending":true},{"_id":"a681a433-63ab-4fc0-80b4-9b7671a8a2a7","user":{"name":"pehu","email":"pehu@gmail.com"},"order_value":"452 INR","razorpay_order_id":"order_Ea4ZraM7aadCYy","razorpay_payment_id":null,"razorpay_signature":null,"isPending":true}]